{"__type__":"cc.AnimationClip","_name":"gun0_shake","_duration":0.06666666666666667,"wrapMode":2,"curveData":{"props":{"anchorY":[{"frame":0,"value":0.48},{"frame":0.03333333333333333,"value":0.505},{"frame":0.06666666666666667,"value":0.48}]}}}